id,first_name,last_name,email,gender,ip_address
1,Sibylla,Alldred,salldred0@adobe.com,Genderqueer,155.232.121.85
2,Jillana,Philot,jphilot1@fema.gov,Female,49.209.169.188
3,Claretta,Hayen,chayen2@edublogs.org,Genderqueer,152.170.60.235
4,Nollie,Pendlebury,npendlebury3@networkadvertising.org,Genderfluid,48.63.143.242
5,Elsbeth,Arboin,earboin4@opensource.org,Polygender,142.219.50.200
6,Venita,Beavis,vbeavis5@desdev.cn,Polygender,60.221.2.65
7,Halette,Randlesome,hrandlesome6@redcross.org,Polygender,104.156.134.249
8,Harriett,Casoni,hcasoni7@goodreads.com,Genderqueer,74.143.166.130
9,Fred,Vlasyuk,fvlasyuk8@pen.io,Female,160.125.195.98
10,Hynda,Tunder,htunder9@chicagotribune.com,Agender,81.24.29.9
11,Tracie,Archbutt,tarchbutta@devhub.com,Polygender,178.223.127.17
12,Brook,Kirimaa,bkirimaab@google.es,Genderfluid,96.58.240.157
13,Haydon,Norrey,hnorreyc@ftc.gov,Genderfluid,26.30.91.79
14,Ignacius,Shorbrook,ishorbrookd@npr.org,Agender,52.19.74.122
15,Jamil,Emett,jemette@amazonaws.com,Agender,119.99.158.163
16,Phil,Mursell,pmursellf@squidoo.com,Agender,20.174.78.239
17,Albrecht,Synnott,asynnottg@163.com,Agender,88.35.70.63
18,Daisey,Moorcraft,dmoorcrafth@csmonitor.com,Male,189.112.208.45
19,Ardyth,Smalecombe,asmalecombei@rakuten.co.jp,Genderfluid,27.236.254.242
20,Bonita,Jenny,bjennyj@columbia.edu,Male,78.45.68.201
21,Orel,Eddoes,oeddoesk@elegantthemes.com,Genderfluid,203.82.214.77
22,Lannie,McMichell,lmcmichelll@geocities.jp,Agender,156.21.50.41
23,Marv,Inott,minottm@simplemachines.org,Female,26.174.56.177
24,Adolf,Mushawe,amushawen@whitehouse.gov,Genderqueer,103.34.5.136
25,Caterina,Pleager,cpleagero@nps.gov,Bigender,211.75.254.45
26,Aylmer,Dowry,adowryp@umich.edu,Female,136.163.255.159
27,Crawford,Domnick,cdomnickq@oakley.com,Male,179.121.107.80
28,Koo,Swinfen,kswinfenr@indiegogo.com,Genderfluid,11.39.60.243
29,Ferdinand,Hallybone,fhallybones@foxnews.com,Agender,181.29.173.126
30,Ikey,Spratling,ispratlingt@arstechnica.com,Agender,238.159.202.201
31,Gerladina,Heaselgrave,gheaselgraveu@umich.edu,Genderfluid,80.225.15.225
32,Even,Wraggs,ewraggsv@earthlink.net,Male,22.43.196.163
33,Essie,Dunk,edunkw@elegantthemes.com,Male,136.47.239.14
34,Skipton,Bingle,sbinglex@dailymail.co.uk,Male,224.120.184.34
35,Jody,Spellward,jspellwardy@naver.com,Genderfluid,165.105.139.167
36,Phip,Doogan,pdooganz@wikispaces.com,Genderfluid,150.143.249.13
37,Milton,Bonar,mbonar10@google.cn,Bigender,218.110.223.162
38,Fina,Lathwood,flathwood11@usatoday.com,Agender,246.230.179.167
39,Orsa,Trenouth,otrenouth12@boston.com,Genderfluid,86.182.22.156
40,Janella,Freebury,jfreebury13@deviantart.com,Genderfluid,73.220.142.231
41,Jazmin,Perschke,jperschke14@disqus.com,Genderfluid,244.161.187.41
42,Genevieve,Lovekin,glovekin15@netvibes.com,Bigender,120.63.62.191
43,Ophelia,Gentiry,ogentiry16@boston.com,Agender,185.184.213.160
44,Gertrude,Abbe,gabbe17@tinypic.com,Male,7.203.142.5
45,Poul,Hancke,phancke18@wordpress.com,Genderqueer,239.3.105.142
46,Butch,Hanley,bhanley19@xrea.com,Agender,16.147.221.192
47,Glenn,Farfoot,gfarfoot1a@harvard.edu,Genderfluid,109.142.190.39
48,Audrye,Bairnsfather,abairnsfather1b@miibeian.gov.cn,Male,216.80.251.194
49,Seline,Leishman,sleishman1c@ustream.tv,Genderfluid,172.108.7.29
50,Lorri,Surman,lsurman1d@acquirethisname.com,Female,34.64.209.108
51,Constancia,Oakton,coakton1e@google.com.hk,Female,239.232.196.47
52,Philomena,Malt,pmalt1f@feedburner.com,Male,102.135.12.182
53,Laney,Welbelove,lwelbelove1g@woothemes.com,Male,199.132.163.118
54,Peter,Clinnick,pclinnick1h@etsy.com,Genderfluid,63.140.55.154
55,Katee,Albertson,kalbertson1i@last.fm,Genderfluid,197.220.86.95
56,Edythe,Stellin,estellin1j@dropbox.com,Polygender,47.19.190.105
57,Rosette,Sindall,rsindall1k@slideshare.net,Non-binary,45.186.199.84
58,Merry,Houchin,mhouchin1l@toplist.cz,Agender,92.150.111.67
59,Vanda,Errichi,verrichi1m@shinystat.com,Female,28.0.48.113
60,Kirby,Bednall,kbednall1n@fastcompany.com,Genderfluid,65.226.138.186
61,Layney,Eccott,leccott1o@washington.edu,Genderfluid,77.138.99.174
62,Donni,Stockdale,dstockdale1p@squarespace.com,Agender,39.155.35.102
63,Moses,Spir,mspir1q@marriott.com,Genderqueer,56.112.118.8
64,Inessa,Carder,icarder1r@cdbaby.com,Non-binary,159.215.200.61
65,Sigmund,Arnopp,sarnopp1s@wordpress.com,Bigender,208.147.89.206
66,Bellina,Cattini,bcattini1t@un.org,Agender,223.135.218.144
67,Jennine,Ivashkov,jivashkov1u@deviantart.com,Non-binary,51.0.225.49
68,Guilbert,Scarce,gscarce1v@cisco.com,Male,101.171.13.27
69,Bard,Currum,bcurrum1w@biglobe.ne.jp,Genderfluid,59.35.7.130
70,Salomo,Bowcock,sbowcock1x@bluehost.com,Male,201.16.214.20
71,Avrom,Cranny,acranny1y@nsw.gov.au,Polygender,38.33.176.73
72,Melamie,McElvogue,mmcelvogue1z@narod.ru,Agender,188.249.233.95
73,Elaine,Wakely,ewakely20@who.int,Genderqueer,158.37.151.19
74,Isahella,Picott,ipicott21@1688.com,Agender,171.59.166.255
75,Philbert,Boule,pboule22@weibo.com,Male,39.237.198.197
76,Winnie,Finey,wfiney23@parallels.com,Agender,183.185.35.132
77,Davita,Prosser,dprosser24@google.es,Polygender,163.243.245.115
78,Codi,Brittain,cbrittain25@yelp.com,Bigender,166.28.154.147
79,Monty,Domingues,mdomingues26@ucoz.ru,Non-binary,238.196.252.19
80,Carlie,Pescott,cpescott27@paginegialle.it,Bigender,23.170.100.62
81,Drud,Cowburn,dcowburn28@un.org,Female,171.212.245.239
82,Trix,De Robertis,tderobertis29@exblog.jp,Female,55.162.165.147
83,Deina,Sudddard,dsudddard2a@youku.com,Female,158.149.2.4
84,Lindy,Copes,lcopes2b@typepad.com,Agender,75.183.106.173
85,Forester,Hennemann,fhennemann2c@sourceforge.net,Genderfluid,248.165.140.11
86,Charlean,Cosens,ccosens2d@upenn.edu,Bigender,80.8.45.156
87,Cletis,Scotchforth,cscotchforth2e@answers.com,Genderfluid,70.99.69.193
88,Osbourne,Roscrigg,oroscrigg2f@privacy.gov.au,Non-binary,188.131.236.225
89,Melesa,Spurling,mspurling2g@harvard.edu,Genderfluid,80.31.141.255
90,Dianna,Solley,dsolley2h@myspace.com,Male,58.22.0.223
91,Valdemar,Liepmann,vliepmann2i@homestead.com,Genderqueer,170.36.123.58
92,Homere,McGeown,hmcgeown2j@github.io,Non-binary,227.112.200.119
93,Craggie,Saterweyte,csaterweyte2k@unesco.org,Bigender,62.92.181.6
94,Carlie,Attewell,cattewell2l@hostgator.com,Agender,1.205.120.4
95,Lezley,Cromly,lcromly2m@i2i.jp,Bigender,125.32.92.72
96,Krystalle,Hansberry,khansberry2n@blogs.com,Male,135.174.184.55
97,Clemmie,Courage,ccourage2o@mac.com,Agender,214.122.108.78
98,Waylin,Rawles,wrawles2p@amazon.com,Agender,76.129.54.250
99,Suzann,Esseby,sesseby2q@europa.eu,Genderfluid,112.169.55.66
100,Langsdon,Schuster,lschuster2r@java.com,Polygender,227.233.20.255
101,Doralynn,Kinnen,dkinnen2s@aboutads.info,Female,199.139.136.128
102,Lyndell,Phayre,lphayre2t@hao123.com,Female,222.45.248.10
103,Vivianna,Anwyl,vanwyl2u@thetimes.co.uk,Polygender,87.12.56.191
104,Dyana,Rock,drock2v@rediff.com,Female,142.182.127.151
105,Gertrud,Millican,gmillican2w@mlb.com,Non-binary,222.4.119.154
106,Kristos,Leathley,kleathley2x@ask.com,Agender,103.111.51.216
107,Barthel,Crichten,bcrichten2y@wikia.com,Bigender,61.84.50.35
108,Veronike,Dooly,vdooly2z@soup.io,Male,198.162.52.76
109,Cosme,Kopta,ckopta30@mlb.com,Male,148.32.108.189
110,Brinn,Denison,bdenison31@a8.net,Polygender,182.110.215.99
111,Corbet,Vannucci,cvannucci32@mozilla.org,Genderfluid,44.75.80.123
112,Elspeth,Essex,eessex33@china.com.cn,Male,163.248.95.238
113,Laina,Finnick,lfinnick34@wikipedia.org,Genderfluid,11.161.35.44
114,Lucilia,Scanderet,lscanderet35@msn.com,Non-binary,191.202.174.48
115,Salim,Heake,sheake36@nature.com,Agender,218.205.56.145
116,Hali,Quiney,hquiney37@twitpic.com,Male,93.144.19.142
117,Michale,Vila,mvila38@columbia.edu,Non-binary,245.184.198.145
118,Phoebe,Daice,pdaice39@bloglines.com,Agender,153.244.21.161
119,Cord,Nalder,cnalder3a@state.tx.us,Agender,240.118.167.10
120,Bertrand,Denslow,bdenslow3b@buzzfeed.com,Genderqueer,229.0.235.96
121,Derwin,Girardet,dgirardet3c@usda.gov,Agender,243.234.17.157
122,Pip,Chaytor,pchaytor3d@earthlink.net,Male,5.157.131.58
123,Kacie,Niesing,kniesing3e@auda.org.au,Genderqueer,2.125.154.175
124,Maryjo,Hatchell,mhatchell3f@icq.com,Genderqueer,59.206.76.195
125,Grange,Martinets,gmartinets3g@census.gov,Bigender,29.193.121.245
126,Arabella,Pimm,apimm3h@thetimes.co.uk,Genderqueer,232.165.114.210
127,Gareth,Prentice,gprentice3i@homestead.com,Genderqueer,6.91.255.0
128,Basilio,Hansbury,bhansbury3j@ft.com,Agender,121.145.49.231
129,Kelsey,Firman,kfirman3k@yellowpages.com,Genderfluid,229.193.121.15
130,Olva,Tegeller,otegeller3l@bing.com,Male,40.150.172.59
131,Carney,Isac,cisac3m@google.pl,Genderqueer,136.147.195.198
132,Fernandina,Blaxland,fblaxland3n@github.com,Genderfluid,249.83.118.63
133,Walther,Wraighte,wwraighte3o@bluehost.com,Male,142.239.151.34
134,Janenna,Redmell,jredmell3p@nbcnews.com,Female,255.140.184.126
135,Addy,Lincke,alincke3q@edublogs.org,Polygender,64.118.15.47
136,Rabbi,Ginglell,rginglell3r@telegraph.co.uk,Genderfluid,88.61.127.232
137,Charin,Snozzwell,csnozzwell3s@lycos.com,Genderfluid,65.226.231.136
138,Emelina,Illston,eillston3t@salon.com,Genderqueer,100.162.104.40
139,Joan,Coupe,jcoupe3u@pen.io,Polygender,247.111.184.106
140,Cinderella,Joerning,cjoerning3v@jugem.jp,Genderfluid,249.127.115.136
141,Lucienne,Argyle,largyle3w@purevolume.com,Polygender,139.136.122.211
142,Moselle,Shiliton,mshiliton3x@shutterfly.com,Male,204.41.45.50
143,Cathryn,Henrique,chenrique3y@forbes.com,Genderqueer,38.196.43.174
144,Ty,Sans,tsans3z@chicagotribune.com,Female,144.59.182.203
145,Sheilah,Burwell,sburwell40@parallels.com,Polygender,74.110.165.176
146,Gloriana,Taffrey,gtaffrey41@altervista.org,Polygender,96.169.72.160
147,Wilmar,MacKeever,wmackeever42@ovh.net,Polygender,111.238.199.219
148,Griswold,Syphus,gsyphus43@indiatimes.com,Male,69.232.17.217
149,Ronnica,McNevin,rmcnevin44@sbwire.com,Genderqueer,44.148.10.206
150,Ailyn,O' Quirk,aoquirk45@free.fr,Polygender,1.117.62.123
151,Rodi,Geering,rgeering46@clickbank.net,Female,67.243.169.136
152,Kip,Willden,kwillden47@merriam-webster.com,Polygender,64.230.248.98
153,Fletcher,Gilardoni,fgilardoni48@dion.ne.jp,Female,106.45.196.216
154,Louisa,Simononsky,lsimononsky49@omniture.com,Non-binary,9.213.21.114
155,Charlton,Slyne,cslyne4a@answers.com,Genderqueer,197.170.244.148
156,Richie,Frowing,rfrowing4b@domainmarket.com,Female,32.133.123.202
157,Samuele,Harrold,sharrold4c@cafepress.com,Genderfluid,213.47.107.37
158,Ricki,Potts,rpotts4d@plala.or.jp,Non-binary,215.251.151.17
159,Tannie,Petracek,tpetracek4e@hc360.com,Agender,137.0.205.52
160,Ariella,Keers,akeers4f@wikimedia.org,Bigender,151.181.98.175
161,Sigmund,Tarbet,starbet4g@jimdo.com,Bigender,115.185.235.158
162,Osbourn,Barthram,obarthram4h@dailymail.co.uk,Genderfluid,40.143.24.216
163,Rhody,Duplock,rduplock4i@abc.net.au,Agender,120.244.184.118
164,Hoyt,Drewitt,hdrewitt4j@cocolog-nifty.com,Genderfluid,66.112.193.213
165,Valentia,Veronique,vveronique4k@t.co,Genderqueer,195.230.17.1
166,Zarah,Dalla,zdalla4l@reddit.com,Genderfluid,2.173.144.78
167,Rivalee,Goodbar,rgoodbar4m@unc.edu,Female,116.192.67.80
168,Rory,Ferrario,rferrario4n@independent.co.uk,Agender,117.48.213.203
169,Johny,Ziems,jziems4o@vk.com,Genderqueer,229.96.181.209
170,Kean,Benfield,kbenfield4p@devhub.com,Male,222.40.232.212
171,Thekla,Surgood,tsurgood4q@shinystat.com,Male,86.227.37.58
172,Gale,Andryushchenko,gandryushchenko4r@upenn.edu,Male,19.251.53.166
173,Wolfie,Gritsunov,wgritsunov4s@51.la,Non-binary,91.118.157.182
174,Wilhelmine,Vannoni,wvannoni4t@washington.edu,Agender,168.86.33.57
175,Tallia,Gligoraci,tgligoraci4u@moonfruit.com,Genderqueer,47.179.153.29
176,Bob,Crake,bcrake4v@cnn.com,Non-binary,213.145.98.146
177,Fidole,Sergant,fsergant4w@flickr.com,Genderqueer,118.122.233.105
178,Arlette,Bugs,abugs4x@reddit.com,Polygender,243.161.234.194
179,Jewell,Chittleburgh,jchittleburgh4y@sitemeter.com,Agender,165.212.75.97
180,Lazar,Dignum,ldignum4z@bandcamp.com,Genderfluid,245.243.196.144
181,Vin,Bonnar,vbonnar50@typepad.com,Female,133.191.86.241
182,Berky,Bellord,bbellord51@51.la,Polygender,85.55.48.170
183,Junina,Deshon,jdeshon52@google.pl,Male,125.149.148.120
184,Lillis,Luquet,lluquet53@studiopress.com,Genderfluid,243.0.70.3
185,Linette,Mayou,lmayou54@narod.ru,Agender,230.144.255.4
186,Gwyn,Gribbin,ggribbin55@theatlantic.com,Non-binary,74.56.35.129
187,Collete,Kew,ckew56@quantcast.com,Polygender,211.14.115.170
188,Roze,Geraldez,rgeraldez57@kickstarter.com,Male,128.202.32.4
189,Gisella,Cheeney,gcheeney58@npr.org,Agender,19.134.7.146
190,Geralda,Edwin,gedwin59@naver.com,Bigender,168.63.52.153
191,Roosevelt,Start,rstart5a@cbslocal.com,Genderfluid,55.61.208.129
192,Chiquita,Morando,cmorando5b@devhub.com,Polygender,221.249.154.232
193,Tomi,Murkin,tmurkin5c@xinhuanet.com,Agender,233.72.135.117
194,Judy,Sheddan,jsheddan5d@irs.gov,Genderfluid,171.45.238.35
195,Storm,Cheke,scheke5e@ebay.co.uk,Male,43.216.24.90
196,Cullan,MacGilrewy,cmacgilrewy5f@google.nl,Genderqueer,86.120.199.31
197,Elvis,Elderidge,eelderidge5g@businessweek.com,Genderqueer,211.228.104.52
198,Morgan,Van Bruggen,mvanbruggen5h@mapquest.com,Polygender,46.67.152.9
199,Reggie,Joubert,rjoubert5i@theguardian.com,Genderqueer,29.193.77.188
200,Rozella,Birkmyr,rbirkmyr5j@epa.gov,Female,180.44.145.50
201,Karna,Muckley,kmuckley5k@msn.com,Genderfluid,128.223.70.185
202,Agneta,Waliszewski,awaliszewski5l@sbwire.com,Bigender,183.171.171.127
203,Lucas,Wait,lwait5m@google.co.uk,Genderfluid,59.224.96.226
204,Edyth,Lorkins,elorkins5n@linkedin.com,Agender,76.23.201.75
205,Garrick,Kiddy,gkiddy5o@facebook.com,Genderfluid,136.167.161.210
206,Natale,Coldbathe,ncoldbathe5p@fastcompany.com,Agender,18.59.125.155
207,Freeman,Moyler,fmoyler5q@japanpost.jp,Genderfluid,53.70.238.153
208,Turner,Spada,tspada5r@opensource.org,Bigender,95.24.85.202
209,Ruddie,Goburn,rgoburn5s@ibm.com,Female,103.9.46.126
210,Harmonia,Sillis,hsillis5t@patch.com,Agender,155.67.12.173
211,Robinetta,Turpie,rturpie5u@tumblr.com,Polygender,200.45.78.184
212,Tobin,Cosin,tcosin5v@columbia.edu,Non-binary,61.196.234.91
213,Talbert,Kinastan,tkinastan5w@yahoo.com,Non-binary,198.242.205.177
214,Dell,Tappor,dtappor5x@dailymotion.com,Male,16.10.62.77
215,Serge,Sofe,ssofe5y@163.com,Agender,193.144.150.49
216,Kimble,Kenningley,kkenningley5z@eventbrite.com,Female,160.205.202.60
217,Nissie,Haldenby,nhaldenby60@com.com,Female,42.14.137.71
218,Miller,Hallums,mhallums61@ucla.edu,Female,42.11.254.14
219,Norene,Posselwhite,nposselwhite62@live.com,Genderfluid,199.85.6.145
220,Olav,De Malchar,odemalchar63@smugmug.com,Bigender,110.131.97.12
221,Danna,Olek,dolek64@epa.gov,Genderqueer,89.144.181.18
222,Danny,Taillard,dtaillard65@creativecommons.org,Bigender,54.222.201.255
223,Gene,Snoden,gsnoden66@pen.io,Agender,177.2.14.36
224,Aubry,Urian,aurian67@goo.gl,Male,33.201.90.207
225,Sully,Blackeby,sblackeby68@google.ca,Male,32.58.128.252
226,Lewiss,Roan,lroan69@ucoz.com,Male,131.109.125.191
227,Imogen,Deacock,ideacock6a@tinypic.com,Genderqueer,240.104.230.160
228,Saw,Glavin,sglavin6b@moonfruit.com,Bigender,178.73.22.111
229,Jamima,Blum,jblum6c@soundcloud.com,Polygender,182.196.36.159
230,Jimmy,Yackiminie,jyackiminie6d@techcrunch.com,Non-binary,30.241.22.99
231,Susette,Dukesbury,sdukesbury6e@constantcontact.com,Male,148.29.137.12
232,Rosalynd,Moncarr,rmoncarr6f@sphinn.com,Genderfluid,24.40.72.23
233,Mira,Dodge,mdodge6g@scribd.com,Genderfluid,241.149.216.46
234,Harriot,Swyndley,hswyndley6h@netlog.com,Genderfluid,10.110.141.34
235,Jaynell,Bute,jbute6i@deliciousdays.com,Female,209.176.216.134
236,Stefa,Cornwall,scornwall6j@bloomberg.com,Male,168.47.72.172
237,Donelle,Boshier,dboshier6k@amazon.co.uk,Non-binary,211.29.54.38
238,Georgina,Clibbery,gclibbery6l@nydailynews.com,Bigender,193.112.220.62
239,Sophi,Dyton,sdyton6m@free.fr,Genderfluid,254.95.231.102
240,Ibrahim,Verrick,iverrick6n@clickbank.net,Non-binary,103.21.11.59
241,Ilene,Myles,imyles6o@cisco.com,Male,96.144.241.131
242,Valentino,Chazotte,vchazotte6p@g.co,Polygender,11.99.216.49
243,Tera,Itzkovwich,titzkovwich6q@fc2.com,Genderqueer,142.128.155.215
244,Beverley,Alanbrooke,balanbrooke6r@discovery.com,Agender,196.37.22.234
245,Joy,Shotton,jshotton6s@nifty.com,Genderqueer,56.29.59.128
246,Lucian,Thyer,lthyer6t@drupal.org,Genderfluid,137.117.115.238
247,Gerri,Zealey,gzealey6u@mail.ru,Non-binary,26.48.0.102
248,Ives,Ciciotti,iciciotti6v@chicagotribune.com,Bigender,54.222.125.200
249,Carla,Sheron,csheron6w@dailymail.co.uk,Genderfluid,164.230.203.110
250,Randie,Poluzzi,rpoluzzi6x@pcworld.com,Genderqueer,120.173.85.150
251,Juliet,MacCarrick,jmaccarrick6y@ezinearticles.com,Female,157.209.207.114
252,Torrance,Chaney,tchaney6z@wikimedia.org,Non-binary,198.183.35.252
253,Abagael,Schwandt,aschwandt70@psu.edu,Agender,208.50.79.75
254,Aurelie,De Ruel,aderuel71@mozilla.org,Male,238.48.108.134
255,Keely,Kloss,kkloss72@statcounter.com,Female,6.40.50.97
256,Donna,Toft,dtoft73@t.co,Genderfluid,50.56.99.158
257,Amye,Faltin,afaltin74@mediafire.com,Female,195.5.217.200
258,Franklyn,Patsall,fpatsall75@bigcartel.com,Female,184.233.227.217
259,Gladi,Hobson,ghobson76@state.tx.us,Polygender,220.2.85.245
260,Analiese,Outerbridge,aouterbridge77@newyorker.com,Bigender,239.136.111.112
261,Alie,Corben,acorben78@ocn.ne.jp,Non-binary,186.12.79.33
262,Ronnica,Habbert,rhabbert79@kickstarter.com,Polygender,135.6.249.0
263,Cazzie,Santen,csanten7a@census.gov,Genderqueer,249.126.245.131
264,Erminie,Hanfrey,ehanfrey7b@upenn.edu,Agender,16.88.31.34
265,Frederic,Soda,fsoda7c@phoca.cz,Non-binary,209.82.244.163
266,Gilberte,Adamov,gadamov7d@nbcnews.com,Male,203.205.105.207
267,Judon,Billinge,jbillinge7e@ning.com,Non-binary,227.119.197.21
268,Ruthe,Stamps,rstamps7f@odnoklassniki.ru,Male,251.154.79.155
269,Jeri,Domerq,jdomerq7g@cafepress.com,Bigender,171.149.244.61
270,Gregg,Hechlin,ghechlin7h@skyrock.com,Polygender,150.205.113.75
271,Luise,Klimp,lklimp7i@tinypic.com,Genderqueer,62.214.105.134
272,Marlon,Lesley,mlesley7j@comcast.net,Bigender,123.154.12.119
273,Devonne,Kupisz,dkupisz7k@loc.gov,Non-binary,76.117.97.8
274,Annabella,Pardi,apardi7l@skyrock.com,Male,235.219.164.35
275,Ezra,Simo,esimo7m@skype.com,Female,167.195.248.203
276,Hugo,Brauns,hbrauns7n@ed.gov,Male,21.199.75.42
277,Arnoldo,O'Carran,aocarran7o@xinhuanet.com,Non-binary,246.193.136.8
278,Annetta,Cracie,acracie7p@google.com.hk,Non-binary,71.32.61.156
279,Riobard,McGonnell,rmcgonnell7q@prlog.org,Female,158.108.119.175
280,Hart,Bowton,hbowton7r@thetimes.co.uk,Genderfluid,175.254.17.225
281,Merrilee,Yerlett,myerlett7s@usatoday.com,Polygender,205.180.189.136
282,Romonda,Ailmer,railmer7t@globo.com,Polygender,102.249.97.137
283,Meara,Banasik,mbanasik7u@freewebs.com,Polygender,51.49.193.105
284,Frants,Lillee,flillee7v@zdnet.com,Agender,87.148.37.119
285,Barry,Yvens,byvens7w@cbslocal.com,Male,121.179.212.114
286,Franciskus,Janoschek,fjanoschek7x@tuttocitta.it,Male,31.45.59.75
287,Carling,Disney,cdisney7y@tmall.com,Male,189.126.12.54
288,Ryun,Waleran,rwaleran7z@purevolume.com,Male,87.147.103.69
289,Ronald,Zoppo,rzoppo80@xrea.com,Genderqueer,200.64.35.57
290,Paulie,Moralis,pmoralis81@whitehouse.gov,Genderqueer,193.5.90.173
291,Dianne,Danielsen,ddanielsen82@homestead.com,Polygender,15.159.104.154
292,Feliks,Dacks,fdacks83@ox.ac.uk,Bigender,152.57.7.232
293,Maryjo,Callf,mcallf84@netvibes.com,Agender,112.52.232.231
294,Stacie,Carlos,scarlos85@linkedin.com,Polygender,90.80.236.188
295,Clyve,Hunton,chunton86@washingtonpost.com,Genderfluid,242.59.82.76
296,Isidor,Husthwaite,ihusthwaite87@columbia.edu,Genderfluid,229.93.28.180
297,Gav,Wherrit,gwherrit88@independent.co.uk,Polygender,22.26.240.3
298,Darda,D'Aubney,ddaubney89@rediff.com,Genderfluid,197.139.156.124
299,Tyrus,Mayer,tmayer8a@cisco.com,Non-binary,62.10.161.170
300,Rosetta,Pople,rpople8b@theguardian.com,Agender,189.16.231.146
301,Lezlie,Greenset,lgreenset8c@usgs.gov,Bigender,56.102.156.224
302,Bernette,Stollberger,bstollberger8d@usnews.com,Agender,24.62.94.81
303,Millisent,Sitwell,msitwell8e@digg.com,Bigender,62.172.95.239
304,Martin,Coneley,mconeley8f@123-reg.co.uk,Genderfluid,11.168.86.122
305,Edward,Abrahamian,eabrahamian8g@java.com,Polygender,9.250.199.86
306,Gabrielle,Dalgety,gdalgety8h@netvibes.com,Male,144.224.41.40
307,Virgilio,Weston,vweston8i@indiegogo.com,Female,228.159.192.144
308,Jdavie,Swigg,jswigg8j@hud.gov,Agender,251.171.230.148
309,Web,Shadfourth,wshadfourth8k@nba.com,Female,75.1.1.109
310,Gerry,Doak,gdoak8l@devhub.com,Agender,201.94.154.63
311,Cathyleen,Oldroyd,coldroyd8m@phpbb.com,Female,117.184.72.97
312,Maggy,Fist,mfist8n@aol.com,Polygender,230.255.113.21
313,Nikki,Lindenstrauss,nlindenstrauss8o@google.com,Agender,167.129.44.70
314,Nikolaus,O'Shaughnessy,noshaughnessy8p@shareasale.com,Genderqueer,84.179.5.63
315,Harriette,Grasha,hgrasha8q@marketwatch.com,Polygender,43.100.252.144
316,Dallis,McCosker,dmccosker8r@wikispaces.com,Female,118.177.62.171
317,Andy,Dochon,adochon8s@geocities.com,Genderqueer,87.152.179.195
318,Maddie,Rosencwaig,mrosencwaig8t@noaa.gov,Female,246.246.219.46
319,Gnni,Hoodless,ghoodless8u@free.fr,Non-binary,10.4.115.44
320,Correna,Hanhardt,chanhardt8v@msn.com,Polygender,122.113.74.92
321,Chrissie,Marie,cmarie8w@vimeo.com,Female,222.206.113.149
322,Reginauld,Teggart,rteggart8x@edublogs.org,Polygender,89.204.109.147
323,Eugene,Zorzi,ezorzi8y@163.com,Non-binary,131.1.173.241
324,Fairfax,Lemme,flemme8z@latimes.com,Female,191.139.239.85
325,Neely,Mayman,nmayman90@altervista.org,Non-binary,17.30.113.96
326,Izak,Packer,ipacker91@g.co,Bigender,194.8.210.254
327,Lorelle,Gobbet,lgobbet92@scientificamerican.com,Agender,195.150.184.212
328,Eolande,Talbot,etalbot93@europa.eu,Non-binary,7.3.56.56
329,Minta,Gjerde,mgjerde94@fda.gov,Male,151.33.149.192
330,Barthel,Capaldo,bcapaldo95@istockphoto.com,Genderqueer,11.228.200.163
331,Corinna,Merkle,cmerkle96@archive.org,Genderfluid,238.94.165.110
332,Yovonnda,Thorby,ythorby97@yolasite.com,Agender,163.47.151.42
333,Valentina,Arzu,varzu98@youtu.be,Non-binary,20.90.233.59
334,Marcus,Sommerly,msommerly99@jalbum.net,Non-binary,163.113.110.198
335,Tiphani,Sneesby,tsneesby9a@state.gov,Bigender,127.195.97.221
336,Joeann,Shaddick,jshaddick9b@dot.gov,Male,205.141.70.14
337,Cesaro,Cucinotta,ccucinotta9c@hatena.ne.jp,Genderqueer,170.63.131.197
338,Carly,Emmines,cemmines9d@mashable.com,Non-binary,114.143.149.93
339,Nata,Cordie,ncordie9e@liveinternet.ru,Bigender,104.229.211.84
340,Melina,Coxall,mcoxall9f@fema.gov,Bigender,70.151.101.97
341,Lemuel,Rosenschein,lrosenschein9g@over-blog.com,Non-binary,114.249.143.170
342,Dorthy,Gilfoy,dgilfoy9h@illinois.edu,Genderqueer,8.220.161.150
343,Welsh,McGrowther,wmcgrowther9i@mapquest.com,Bigender,123.109.70.177
344,Donnell,Stuckford,dstuckford9j@blogspot.com,Agender,209.54.253.112
345,Carlynne,Durrance,cdurrance9k@gravatar.com,Female,139.15.31.91
346,Henrik,Hiseman,hhiseman9l@meetup.com,Female,190.64.63.153
347,Cos,Goodlud,cgoodlud9m@apache.org,Non-binary,148.228.78.107
348,Palm,Poolton,ppoolton9n@macromedia.com,Non-binary,202.87.134.253
349,Cordy,Rosoman,crosoman9o@netlog.com,Genderqueer,15.132.27.198
350,Riki,Abberley,rabberley9p@whitehouse.gov,Polygender,98.60.103.99
351,Arabelle,Pickard,apickard9q@blogtalkradio.com,Genderqueer,155.163.163.144
352,Sheree,Phillipson,sphillipson9r@surveymonkey.com,Male,168.255.41.245
353,Reuben,Vernazza,rvernazza9s@bandcamp.com,Genderfluid,218.50.166.188
354,Tannie,Burnsides,tburnsides9t@google.com.hk,Polygender,145.113.168.126
355,Asher,Theakston,atheakston9u@uol.com.br,Agender,223.8.214.155
356,Rea,Keavy,rkeavy9v@discuz.net,Non-binary,47.156.83.209
357,Nonah,Mindenhall,nmindenhall9w@angelfire.com,Bigender,205.114.76.155
358,Rose,Blazic,rblazic9x@infoseek.co.jp,Genderfluid,184.47.78.198
359,Dominick,Darker,ddarker9y@ask.com,Bigender,91.20.245.73
360,Lind,Manueau,lmanueau9z@patch.com,Non-binary,178.81.96.86
361,Britt,Assad,bassada0@php.net,Agender,47.214.162.86
362,Gage,Bordis,gbordisa1@wordpress.com,Genderfluid,19.139.220.193
363,Marigold,Hudel,mhudela2@timesonline.co.uk,Bigender,45.58.255.26
364,Coretta,Skippen,cskippena3@diigo.com,Genderqueer,222.182.60.250
365,Worthington,Ianinotti,wianinottia4@symantec.com,Agender,91.128.151.6
366,Tarrah,Winchcum,twinchcuma5@home.pl,Genderfluid,97.34.129.178
367,Maressa,Cloute,mcloutea6@arstechnica.com,Bigender,7.51.207.153
368,Aleta,Glassard,aglassarda7@lulu.com,Bigender,208.250.167.243
369,Kaitlin,Blakemore,kblakemorea8@bing.com,Polygender,88.128.94.136
370,Roseline,Mac Geaney,rmacgeaneya9@intel.com,Non-binary,106.122.52.203
371,Cully,Kimmons,ckimmonsaa@feedburner.com,Non-binary,9.21.173.209
372,Laurette,Klemps,lklempsab@foxnews.com,Genderfluid,135.121.166.61
373,Bert,Licciardi,blicciardiac@tripadvisor.com,Polygender,70.251.236.182
374,Lonny,Shortland,lshortlandad@hc360.com,Agender,137.90.86.136
375,Gareth,Swatton,gswattonae@wikispaces.com,Agender,220.254.15.206
376,Faustine,Behrens,fbehrensaf@qq.com,Non-binary,138.180.158.94
377,Afton,Mainland,amainlandag@prlog.org,Male,233.37.131.153
378,Keven,Rillett,krillettah@flavors.me,Genderfluid,70.120.113.91
379,Alphonso,Barck,abarckai@ning.com,Male,162.93.207.156
380,Zacharia,Burkin,zburkinaj@parallels.com,Agender,247.157.62.81
381,Rozanna,Cleverley,rcleverleyak@china.com.cn,Agender,124.168.168.100
382,Gerald,Colly,gcollyal@fda.gov,Non-binary,165.178.179.184
383,Berenice,Moorwood,bmoorwoodam@squarespace.com,Genderfluid,219.18.175.251
384,Cris,Bruhke,cbruhkean@msn.com,Female,59.148.5.174
385,Genna,Flaws,gflawsao@baidu.com,Male,148.87.247.67
386,Cherlyn,Collicott,ccollicottap@illinois.edu,Genderfluid,194.90.132.117
387,Ruthann,Sones,rsonesaq@reddit.com,Female,171.83.171.137
388,Lorinda,Di Maria,ldimariaar@globo.com,Female,179.135.74.67
389,Jada,Sumbler,jsumbleras@usatoday.com,Genderfluid,65.31.228.146
390,Kermy,Kennelly,kkennellyat@theguardian.com,Agender,124.25.125.34
391,Corrinne,Digger,cdiggerau@google.com.au,Agender,242.245.110.217
392,Audry,Gyves,agyvesav@hp.com,Genderqueer,24.102.80.80
393,Alexia,Mayor,amayoraw@biglobe.ne.jp,Genderfluid,232.136.179.92
394,Dunc,Shotboulte,dshotboulteax@qq.com,Bigender,203.116.182.246
395,Wynny,Falconer-Taylor,wfalconertayloray@disqus.com,Genderfluid,67.232.94.93
396,Feliza,Colhoun,fcolhounaz@auda.org.au,Bigender,143.219.209.226
397,Ezekiel,Clawson,eclawsonb0@mtv.com,Agender,190.16.97.105
398,Michaelina,Carbin,mcarbinb1@github.io,Female,197.26.91.174
399,Kelsi,Traise,ktraiseb2@time.com,Male,57.19.150.6
400,Tremaine,Rochelle,trochelleb3@wikipedia.org,Genderqueer,121.7.214.204
401,Jory,Blazeby,jblazebyb4@live.com,Genderqueer,220.122.150.52
402,Fanny,Najera,fnajerab5@elpais.com,Genderfluid,35.232.10.151
403,Farris,Fulks,ffulksb6@amazon.com,Agender,204.44.202.152
404,Farr,McCrackem,fmccrackemb7@senate.gov,Agender,236.255.74.25
405,Kennedy,Thormwell,kthormwellb8@drupal.org,Bigender,81.36.114.97
406,Cary,Robertson,crobertsonb9@cornell.edu,Agender,226.216.192.7
407,Sonia,Gerardot,sgerardotba@globo.com,Female,93.80.109.41
408,Sari,Rowatt,srowattbb@squarespace.com,Male,1.207.159.251
409,Xena,Durrad,xdurradbc@ft.com,Male,214.30.35.123
410,Cordelia,Parkisson,cparkissonbd@pbs.org,Bigender,132.90.210.85
411,Brannon,Benda,bbendabe@kickstarter.com,Non-binary,20.179.99.90
412,Julissa,Elcock,jelcockbf@state.tx.us,Genderfluid,6.26.246.68
413,Desmond,Kitcat,dkitcatbg@accuweather.com,Genderfluid,13.119.234.216
414,Eddie,Corneil,ecorneilbh@auda.org.au,Female,250.137.93.203
415,Sloan,Imison,simisonbi@addthis.com,Agender,113.0.24.217
416,Nanon,Deeprose,ndeeprosebj@surveymonkey.com,Agender,101.202.28.49
417,Derrek,Agerskow,dagerskowbk@yahoo.com,Agender,78.188.236.163
418,Lissa,Selkirk,lselkirkbl@ovh.net,Male,187.10.215.192
419,Mathe,Hamon,mhamonbm@bbb.org,Bigender,180.108.113.144
420,Marlo,Tennewell,mtennewellbn@latimes.com,Polygender,62.157.2.245
421,Xaviera,Reynoldson,xreynoldsonbo@histats.com,Bigender,116.60.25.178
422,Florinda,Edgett,fedgettbp@mashable.com,Agender,110.125.86.205
423,Evita,Hamper,ehamperbq@jalbum.net,Non-binary,169.8.158.202
424,Cam,Martinovsky,cmartinovskybr@stumbleupon.com,Genderqueer,144.111.58.55
425,Peyter,Fountian,pfountianbs@vistaprint.com,Genderfluid,191.71.16.57
426,Carey,Brabban,cbrabbanbt@ameblo.jp,Genderfluid,99.51.110.40
427,Horten,Elgey,helgeybu@ezinearticles.com,Polygender,52.170.231.208
428,Imelda,Genner,igennerbv@nifty.com,Male,49.106.70.225
429,Jarib,Benedite,jbeneditebw@ftc.gov,Agender,182.9.99.40
430,Jacquenetta,Tremeer,jtremeerbx@craigslist.org,Bigender,182.151.174.29
431,Lesli,Coatman,lcoatmanby@1688.com,Male,102.80.77.31
432,Heida,Struan,hstruanbz@boston.com,Polygender,184.163.181.160
433,Vite,Jewer,vjewerc0@technorati.com,Genderqueer,15.184.188.236
434,Ardisj,Horburgh,ahorburghc1@alexa.com,Agender,251.228.187.174
435,Faustina,Lankham,flankhamc2@sina.com.cn,Female,29.233.203.27
436,Tarra,McCrann,tmccrannc3@dedecms.com,Non-binary,193.190.242.39
437,Robbyn,Cahen,rcahenc4@moonfruit.com,Agender,108.189.0.231
438,Deidre,Spellar,dspellarc5@360.cn,Genderfluid,145.83.183.27
439,Elyssa,Gall,egallc6@ebay.co.uk,Non-binary,84.170.24.58
440,Gardy,Densun,gdensunc7@washington.edu,Male,84.17.28.45
441,Faythe,Murrey,fmurreyc8@yellowbook.com,Agender,55.59.101.141
442,Diane,Else,delsec9@paypal.com,Non-binary,208.146.99.222
443,Isahella,Lovat,ilovatca@jugem.jp,Agender,122.71.227.11
444,Cristen,Galler,cgallercb@msn.com,Female,145.22.33.123
445,Marni,Bebbell,mbebbellcc@csmonitor.com,Bigender,42.229.178.63
446,Barbette,Forgie,bforgiecd@vinaora.com,Female,39.111.49.96
447,Ford,Goldby,fgoldbyce@nydailynews.com,Genderqueer,115.47.122.168
448,Burke,McNeely,bmcneelycf@patch.com,Genderqueer,246.48.241.175
449,Andrey,Van Oord,avanoordcg@slashdot.org,Female,64.171.243.233
450,Yardley,Eastridge,yeastridgech@npr.org,Bigender,6.200.132.209
451,Devy,Spellesy,dspellesyci@loc.gov,Genderqueer,116.127.215.25
452,Gibby,Baume,gbaumecj@illinois.edu,Non-binary,53.53.99.68
453,Heath,Coyett,hcoyettck@e-recht24.de,Bigender,135.194.16.47
454,Deana,Phillot,dphillotcl@i2i.jp,Genderfluid,35.42.178.104
455,Isabella,Carlan,icarlancm@topsy.com,Male,68.104.137.215
456,Adrian,Edlestone,aedlestonecn@usda.gov,Female,189.248.1.53
457,Ester,Randerson,erandersonco@example.com,Genderqueer,125.223.199.18
458,Daryl,Restieaux,drestieauxcp@yellowbook.com,Male,174.137.172.76
459,Kelby,Burnapp,kburnappcq@artisteer.com,Male,144.41.140.147
460,Karoly,Pavis,kpaviscr@go.com,Polygender,67.98.212.21
461,Donavon,Meech,dmeechcs@abc.net.au,Genderfluid,234.202.97.190
462,Edith,Bonnick,ebonnickct@purevolume.com,Polygender,51.226.203.100
463,Hayward,Knee,hkneecu@cbsnews.com,Genderfluid,124.90.29.234
464,Ryon,Kringe,rkringecv@noaa.gov,Female,112.62.188.57
465,Waldemar,Jacombs,wjacombscw@google.nl,Bigender,203.54.109.162
466,Julissa,Olle,jollecx@ca.gov,Genderfluid,179.244.58.4
467,Brina,Furber,bfurbercy@meetup.com,Non-binary,29.20.107.201
468,Vinni,Jzhakov,vjzhakovcz@uol.com.br,Genderfluid,195.207.252.231
469,Pedro,Gidney,pgidneyd0@dailymail.co.uk,Female,68.158.110.85
470,Morissa,Gorelli,mgorellid1@guardian.co.uk,Agender,79.201.26.92
471,Gwenny,Sloper,gsloperd2@pbs.org,Bigender,116.163.76.122
472,Sabrina,Beales,sbealesd3@craigslist.org,Polygender,66.4.64.4
473,Sauncho,Muffin,smuffind4@printfriendly.com,Genderfluid,80.223.204.34
474,Lev,Antonescu,lantonescud5@free.fr,Male,30.122.108.49
475,Alli,Meltetal,ameltetald6@patch.com,Bigender,104.130.209.139
476,Hildy,Kepling,hkeplingd7@webeden.co.uk,Female,123.45.152.184
477,Brier,Packwood,bpackwoodd8@sciencedaily.com,Polygender,197.91.106.55
478,Puff,Piaggia,ppiaggiad9@liveinternet.ru,Genderfluid,65.212.95.234
479,Linell,Wartonby,lwartonbyda@ustream.tv,Male,163.105.103.12
480,Cori,Lent,clentdb@wikispaces.com,Bigender,154.66.129.18
481,Rene,MacGeaney,rmacgeaneydc@t-online.de,Bigender,191.17.82.12
482,Cherianne,Brightwell,cbrightwelldd@weibo.com,Genderfluid,219.108.116.41
483,Quintana,Chrstine,qchrstinede@privacy.gov.au,Non-binary,191.145.2.219
484,Laurette,Kristoffersen,lkristoffersendf@networkadvertising.org,Bigender,252.144.107.220
485,Eli,Andreev,eandreevdg@usatoday.com,Non-binary,191.171.134.11
486,Rubetta,Kulas,rkulasdh@nyu.edu,Genderfluid,103.73.19.164
487,Ronny,Mackstead,rmacksteaddi@phpbb.com,Female,241.108.9.71
488,Eli,Vannuccini,evannuccinidj@fotki.com,Genderqueer,58.154.33.137
489,Wileen,Brotherhood,wbrotherhooddk@google.co.jp,Male,167.13.143.168
490,Dukey,Carlsen,dcarlsendl@zimbio.com,Non-binary,63.106.120.133
491,Win,Murcott,wmurcottdm@php.net,Genderqueer,73.219.92.96
492,Eddy,Favell,efavelldn@google.pl,Male,108.75.59.72
493,Konrad,Saward,ksawarddo@hc360.com,Genderfluid,5.220.102.12
494,Tallou,Handlin,thandlindp@ovh.net,Male,252.226.148.223
495,Cesare,Acedo,cacedodq@storify.com,Male,233.165.31.179
496,Joye,Astill,jastilldr@msn.com,Genderqueer,49.2.228.71
497,Brena,Rotham,brothamds@altervista.org,Female,128.189.152.16
498,Carolin,Hexter,chexterdt@cnet.com,Male,152.139.218.193
499,Dniren,Adkin,dadkindu@weather.com,Non-binary,110.94.113.50
500,Robinia,Brookfield,rbrookfielddv@nbcnews.com,Female,184.19.145.252
501,Mirabelle,Abelovitz,mabelovitzdw@altervista.org,Male,163.230.165.136
502,Sophie,Grossier,sgrossierdx@washingtonpost.com,Genderfluid,18.24.133.207
503,Carolee,Rolston,crolstondy@arizona.edu,Bigender,93.32.6.54
504,Fredrika,Laviste,flavistedz@ucsd.edu,Female,117.69.234.81
505,Demetria,Ousley,dousleye0@live.com,Genderfluid,164.127.37.126
506,Lawry,Laming,llaminge1@hud.gov,Bigender,45.199.8.194
507,Bancroft,Gaylord,bgaylorde2@va.gov,Female,42.72.254.31
508,Babbette,Frary,bfrarye3@epa.gov,Genderqueer,18.34.110.214
509,Prescott,Rainsbury,prainsburye4@shinystat.com,Genderqueer,48.212.175.253
510,Patric,Pyvis,ppyvise5@trellian.com,Non-binary,40.57.119.55
511,Layton,Wapplington,lwapplingtone6@mlb.com,Polygender,84.184.17.231
512,Lina,Struis,lstruise7@samsung.com,Bigender,224.198.9.209
513,Gerrard,Fenimore,gfenimoree8@sakura.ne.jp,Polygender,46.208.107.25
514,Bernette,Saywood,bsaywoode9@de.vu,Agender,172.98.222.195
515,Verene,Mayworth,vmayworthea@twitpic.com,Genderfluid,107.34.243.68
516,Jilly,Di Boldi,jdiboldieb@zimbio.com,Genderfluid,12.219.125.237
517,Shanta,Tomik,stomikec@ebay.co.uk,Female,31.139.175.143
518,Sallyann,Cheson,schesoned@shutterfly.com,Male,158.153.71.47
519,Josh,Dougherty,jdoughertyee@cnbc.com,Non-binary,39.127.118.241
520,Sunny,Nelius,sneliusef@sourceforge.net,Genderqueer,72.12.175.182
521,Jesse,Morit,jmoriteg@purevolume.com,Male,17.7.124.215
522,Jae,Friary,jfriaryeh@multiply.com,Non-binary,8.99.245.219
523,Olenolin,Mathivet,omathivetei@is.gd,Male,197.161.47.71
524,Colline,Chittock,cchittockej@soup.io,Polygender,73.47.3.94
525,Norton,Dallyn,ndallynek@last.fm,Genderfluid,62.248.89.149
526,Gwenette,Keaysell,gkeaysellel@reddit.com,Agender,114.149.84.203
527,Maryrose,Loutheane,mloutheaneem@china.com.cn,Non-binary,24.243.90.230
528,Lizbeth,Caldaro,lcaldaroen@cmu.edu,Female,238.126.74.198
529,Rowney,McClenaghan,rmcclenaghaneo@netvibes.com,Non-binary,23.227.27.114
530,Erinn,Georgescu,egeorgescuep@digg.com,Agender,40.100.222.66
531,Anita,Aristide,aaristideeq@vkontakte.ru,Genderqueer,253.67.212.150
532,Ruthie,Bernlin,rbernliner@ebay.co.uk,Female,85.115.221.188
533,Neely,Marham,nmarhames@yahoo.co.jp,Polygender,203.20.195.72
534,Karalee,Spencer,kspenceret@tinypic.com,Genderqueer,223.116.11.103
535,Isaak,Alcoran,ialcoraneu@wix.com,Agender,229.249.143.236
536,Jessalyn,Grimmert,jgrimmertev@yale.edu,Female,153.56.162.73
537,Stillman,Dudderidge,sdudderidgeew@rakuten.co.jp,Female,102.228.210.151
538,Viole,Selwyne,vselwyneex@economist.com,Female,17.44.242.48
539,Meyer,Barwick,mbarwickey@europa.eu,Non-binary,182.90.58.125
540,Sydney,Kerford,skerfordez@tuttocitta.it,Female,103.140.83.174
541,Mellicent,Di Iorio,mdiioriof0@dmoz.org,Agender,234.197.147.132
542,Devora,Foxcroft,dfoxcroftf1@msn.com,Genderqueer,178.194.195.37
543,Kristos,Behneke,kbehnekef2@ustream.tv,Male,30.132.238.98
544,Maurice,Iacomelli,miacomellif3@illinois.edu,Male,88.98.170.98
545,Karlotte,Kohen,kkohenf4@elpais.com,Genderfluid,140.73.56.135
546,Nathan,Tivers,ntiversf5@nydailynews.com,Female,102.97.10.146
547,Carmine,Rettie,crettief6@spotify.com,Polygender,210.37.230.150
548,Sherwood,Conigsby,sconigsbyf7@xing.com,Female,47.66.249.161
549,Stephani,Haythorne,shaythornef8@wiley.com,Genderqueer,218.217.135.39
550,Kyle,Haward,khawardf9@yellowpages.com,Bigender,23.156.102.29
551,Ellerey,Mantz,emantzfa@comsenz.com,Polygender,169.94.67.167
552,Bo,Brownett,bbrownettfb@eventbrite.com,Genderfluid,4.57.197.132
553,Vikki,Cristofano,vcristofanofc@list-manage.com,Genderfluid,39.110.181.197
554,Fonz,Esch,feschfd@cdc.gov,Male,83.3.19.85
555,Norean,Giovanni,ngiovannife@domainmarket.com,Polygender,205.72.17.90
556,Marten,Goldsbury,mgoldsburyff@purevolume.com,Female,122.61.81.150
557,Yalonda,von Nassau,yvonnassaufg@phoca.cz,Female,224.233.163.205
558,Lindy,Piddocke,lpiddockefh@creativecommons.org,Female,171.76.208.55
559,Ryann,Janes,rjanesfi@google.es,Female,218.237.213.77
560,Rhea,Bellworthy,rbellworthyfj@goo.gl,Genderqueer,10.124.216.249
561,Delilah,Wackett,dwackettfk@nasa.gov,Genderfluid,54.93.135.244
562,Nelly,Broinlich,nbroinlichfl@youku.com,Bigender,184.70.58.125
563,Dukie,Guerrero,dguerrerofm@wordpress.com,Polygender,139.63.94.217
564,Demott,Lynes,dlynesfn@latimes.com,Polygender,8.78.227.115
565,Clarice,Sarath,csarathfo@taobao.com,Genderqueer,131.245.251.194
566,Garrick,Bostock,gbostockfp@google.es,Bigender,110.243.67.43
567,Clarine,Kale,ckalefq@gnu.org,Genderqueer,75.34.129.133
568,Silvia,Hryncewicz,shryncewiczfr@sfgate.com,Agender,18.63.193.93
569,Valerie,Banting,vbantingfs@ucla.edu,Polygender,215.144.67.206
570,Darya,Planks,dplanksft@rakuten.co.jp,Non-binary,53.8.190.242
571,Corene,Caw,ccawfu@typepad.com,Genderfluid,110.199.87.13
572,Renado,Leatt,rleattfv@pagesperso-orange.fr,Non-binary,185.129.216.104
573,Itch,Longstaff,ilongstafffw@columbia.edu,Genderfluid,246.176.227.132
574,Kevyn,Hamel,khamelfx@themeforest.net,Agender,113.255.51.97
575,Michal,Mioni,mmionify@bizjournals.com,Female,207.38.241.99
576,Hasty,Duffield,hduffieldfz@furl.net,Genderqueer,13.139.224.19
577,Trstram,Penritt,tpenrittg0@forbes.com,Male,59.180.69.111
578,Morey,Criple,mcripleg1@omniture.com,Female,246.75.242.93
579,Alisun,Greystock,agreystockg2@php.net,Male,165.87.164.207
580,Silvano,Vedenichev,svedenichevg3@ed.gov,Non-binary,180.109.176.209
581,Donni,Juppe,djuppeg4@archive.org,Genderfluid,55.37.38.128
582,Shelli,Burgane,sburganeg5@tumblr.com,Non-binary,31.180.140.251
583,Sarita,Lerway,slerwayg6@google.pl,Genderqueer,64.83.1.47
584,Tessy,Tharme,ttharmeg7@virginia.edu,Non-binary,39.96.62.146
585,Bessie,Brum,bbrumg8@github.io,Bigender,127.2.134.222
586,Iona,Olsen,iolseng9@friendfeed.com,Genderfluid,71.192.125.73
587,Sephira,Arbon,sarbonga@nature.com,Bigender,67.227.57.33
588,Kimble,Gatrill,kgatrillgb@fastcompany.com,Polygender,151.96.85.78
589,Justina,Grigoryov,jgrigoryovgc@tumblr.com,Non-binary,163.143.238.88
590,Emelda,Gianneschi,egianneschigd@example.com,Genderfluid,140.154.216.116
591,Claudie,Claremont,cclaremontge@disqus.com,Female,163.210.193.113
592,Carmine,Heavy,cheavygf@fotki.com,Non-binary,166.18.76.249
593,Waite,Colbert,wcolbertgg@tiny.cc,Non-binary,41.72.133.95
594,Garwood,Piccop,gpiccopgh@washington.edu,Bigender,236.219.179.160
595,Boniface,Brompton,bbromptongi@bbb.org,Genderfluid,198.149.155.167
596,Gare,Benoist,gbenoistgj@cnet.com,Genderqueer,49.7.146.2
597,Kristien,Tortoise,ktortoisegk@meetup.com,Polygender,127.114.217.76
598,Celene,MacAvddy,cmacavddygl@ask.com,Female,82.111.162.248
599,Adelbert,Blatherwick,ablatherwickgm@unicef.org,Bigender,70.241.160.153
600,Adiana,Donke,adonkegn@dmoz.org,Agender,117.82.185.95
601,Tatum,Illiston,tillistongo@tamu.edu,Genderqueer,47.242.252.64
602,Agnese,Freckingham,afreckinghamgp@microsoft.com,Genderqueer,57.86.96.29
603,Melodee,Seywood,mseywoodgq@themeforest.net,Genderqueer,224.79.73.206
604,Celestia,Hurford,churfordgr@yolasite.com,Agender,86.14.101.125
605,Grayce,Berrane,gberranegs@deviantart.com,Genderqueer,246.145.10.215
606,Jody,Leall,jleallgt@unesco.org,Female,59.216.48.171
607,Bridgette,Eastham,beasthamgu@gnu.org,Non-binary,184.42.117.106
608,Ignace,O'Fihily,iofihilygv@com.com,Agender,49.136.7.150
609,Delainey,Burrows,dburrowsgw@123-reg.co.uk,Agender,95.187.253.208
610,Alister,Pooley,apooleygx@google.com,Genderfluid,31.62.28.87
611,Jocko,Barden,jbardengy@washingtonpost.com,Genderfluid,191.225.218.20
612,Maryanna,Gosling,mgoslinggz@dot.gov,Non-binary,218.46.190.205
613,Diane,Addison,daddisonh0@reverbnation.com,Bigender,180.124.109.206
614,Shannon,Saturley,ssaturleyh1@nhs.uk,Agender,161.4.239.4
615,Johnna,Borman,jbormanh2@whitehouse.gov,Genderqueer,174.111.0.233
616,Mellie,Hache,mhacheh3@people.com.cn,Male,162.140.115.150
617,Willy,Flood,wfloodh4@free.fr,Polygender,159.234.95.216
618,Philly,Vesty,pvestyh5@ted.com,Agender,201.251.116.208
619,Eziechiele,Predohl,epredohlh6@cornell.edu,Male,58.90.204.169
620,Elinor,Tarply,etarplyh7@sphinn.com,Non-binary,201.96.235.7
621,Rani,Taylot,rtayloth8@dmoz.org,Non-binary,104.28.190.242
622,Dominga,Jeanon,djeanonh9@creativecommons.org,Polygender,48.228.3.116
623,Ronny,Agirre,ragirreha@mlb.com,Female,182.190.14.139
624,Kelly,Stanbridge,kstanbridgehb@narod.ru,Male,250.157.247.134
625,Caressa,Cray,ccrayhc@bluehost.com,Agender,70.61.35.38
626,Eveleen,Stevens,estevenshd@arizona.edu,Polygender,55.190.76.26
627,Sabrina,Klaggeman,sklaggemanhe@hp.com,Agender,205.183.88.199
628,Carleen,Marchington,cmarchingtonhf@ehow.com,Genderqueer,79.106.55.245
629,Granville,Sterrick,gsterrickhg@devhub.com,Bigender,216.21.224.21
630,Gilligan,Organ,gorganhh@gmpg.org,Non-binary,151.110.188.220
631,Alan,Kyme,akymehi@apple.com,Male,97.236.211.21
632,Sascha,Pullar,spullarhj@fda.gov,Genderqueer,3.123.101.22
633,Uta,Matuszynski,umatuszynskihk@redcross.org,Polygender,244.116.31.82
634,Melissa,Howorth,mhoworthhl@telegraph.co.uk,Genderqueer,112.173.223.60
635,Ellary,Najara,enajarahm@biblegateway.com,Polygender,75.49.30.116
636,Issi,Ridsdale,iridsdalehn@bloglovin.com,Genderqueer,71.203.137.7
637,Shannah,Francescoccio,sfrancescoccioho@soup.io,Genderqueer,12.128.148.154
638,Victor,Climance,vclimancehp@bing.com,Polygender,40.51.182.82
639,Truda,MacCleod,tmaccleodhq@goo.ne.jp,Genderqueer,77.173.198.250
640,Zebulon,Huddle,zhuddlehr@europa.eu,Polygender,171.202.185.26
641,Andrei,D'Arrigo,adarrigohs@tuttocitta.it,Non-binary,239.188.48.48
642,Zola,Feldman,zfeldmanht@accuweather.com,Male,12.243.182.8
643,Guss,Wayt,gwaythu@dailymail.co.uk,Bigender,3.58.97.134
644,Dedie,Norster,dnorsterhv@hao123.com,Female,144.187.91.199
645,Shanta,Zannelli,szannellihw@github.com,Genderfluid,226.149.249.223
646,Hallie,Heenan,hheenanhx@123-reg.co.uk,Bigender,241.66.171.40
647,Dorian,Stockle,dstocklehy@google.com.au,Male,185.224.148.137
648,Miles,Bergstram,mbergstramhz@dyndns.org,Male,33.53.28.231
649,Yanaton,Raoult,yraoulti0@washington.edu,Female,241.19.248.103
650,Leland,Wybron,lwybroni1@squidoo.com,Female,132.73.22.71
651,Quill,Scotson,qscotsoni2@dedecms.com,Male,197.13.117.53
652,L;urette,Gawith,lgawithi3@epa.gov,Male,186.42.189.186
653,Burch,Bellson,bbellsoni4@163.com,Agender,204.200.145.33
654,Gilbert,Haslen,ghasleni5@shop-pro.jp,Bigender,55.224.246.128
655,Avictor,Tournie,atourniei6@constantcontact.com,Agender,114.2.133.48
656,Tori,Willmot,twillmoti7@nature.com,Bigender,16.240.217.179
657,Arlyn,Sexstone,asexstonei8@toplist.cz,Male,86.161.194.183
658,Trevar,Tondeur,ttondeuri9@mtv.com,Male,135.217.123.21
659,Alexine,Huitson,ahuitsonia@irs.gov,Genderfluid,116.204.46.26
660,Daven,Champerlen,dchamperlenib@moonfruit.com,Non-binary,28.141.60.77
661,Adrea,Strelitz,astrelitzic@tmall.com,Male,49.68.71.46
662,Rikki,Howroyd,rhowroydid@wix.com,Genderqueer,146.214.75.154
663,Audrey,Goldsby,agoldsbyie@mail.ru,Bigender,52.76.132.205
664,Otis,Bouller,oboullerif@census.gov,Genderfluid,78.91.101.200
665,Lizette,Vase,lvaseig@psu.edu,Genderqueer,219.135.200.163
666,Gerta,De Cruz,gdecruzih@apple.com,Bigender,199.45.147.158
667,Gwennie,Hillborne,ghillborneii@google.co.jp,Genderfluid,24.155.137.211
668,Eimile,Labell,elabellij@mysql.com,Non-binary,38.163.250.161
669,Violet,Van de Castele,vvandecasteleik@about.com,Non-binary,7.128.94.121
670,Ric,Flatt,rflattil@mac.com,Genderfluid,156.192.177.124
671,Danila,French,dfrenchim@ustream.tv,Genderfluid,231.59.234.94
672,Becca,Glaysher,bglaysherin@dagondesign.com,Agender,65.16.113.143
673,Leeann,Gommes,lgommesio@slate.com,Male,110.103.83.152
674,Ashien,Hyett,ahyettip@blogs.com,Male,187.64.112.6
675,Jacquenette,Fincke,jfinckeiq@va.gov,Polygender,52.54.134.244
676,Berty,Everex,beverexir@toplist.cz,Bigender,63.49.11.151
677,Daffi,Bauman,dbaumanis@friendfeed.com,Polygender,190.44.226.213
678,Donelle,Hele,dheleit@reuters.com,Genderfluid,237.14.53.99
679,Maryanne,Struis,mstruisiu@webmd.com,Polygender,17.253.172.197
680,Dud,Lindroos,dlindroosiv@un.org,Non-binary,247.208.151.148
681,Elysee,Holyland,eholylandiw@istockphoto.com,Male,222.157.202.69
682,Malina,Hearl,mhearlix@dailymotion.com,Male,221.197.206.198
683,David,de Banke,ddebankeiy@cmu.edu,Genderfluid,195.167.151.132
684,Raoul,MacRinn,rmacrinniz@google.pl,Polygender,190.174.242.34
685,Kayne,Baelde,kbaeldej0@google.cn,Agender,40.137.117.8
686,Rozanne,Stockman,rstockmanj1@indiatimes.com,Non-binary,163.172.221.142
687,Kristen,Lawday,klawdayj2@scientificamerican.com,Polygender,5.224.99.209
688,Britte,Crees,bcreesj3@odnoklassniki.ru,Agender,53.100.138.84
689,Dov,Dieton,ddietonj4@geocities.com,Polygender,185.157.139.93
690,Jorge,Fernao,jfernaoj5@oaic.gov.au,Polygender,57.73.113.192
691,Gage,Cheyne,gcheynej6@php.net,Genderqueer,179.195.25.67
692,Mayor,Savory,msavoryj7@cafepress.com,Genderfluid,181.252.173.138
693,Lorrayne,Stent,lstentj8@chronoengine.com,Genderqueer,150.102.77.90
694,Laurence,Asty,lastyj9@ning.com,Genderqueer,185.157.62.101
695,Lester,Monson,lmonsonja@earthlink.net,Genderqueer,137.37.208.187
696,Merry,Narrie,mnarriejb@jigsy.com,Non-binary,6.37.227.19
697,Hallsy,Lilford,hlilfordjc@diigo.com,Polygender,62.156.5.200
698,Prudy,Strettell,pstrettelljd@quantcast.com,Bigender,248.79.0.139
699,Annnora,Lenglet,alengletje@examiner.com,Agender,165.42.255.206
700,Holt,Colquete,hcolquetejf@miibeian.gov.cn,Bigender,253.208.5.254
701,Paton,Izakovitz,pizakovitzjg@hhs.gov,Female,6.144.24.30
702,Kerrin,Pellamonuten,kpellamonutenjh@feedburner.com,Bigender,203.170.63.72
703,Alikee,Doerren,adoerrenji@nyu.edu,Female,217.66.4.166
704,Sheppard,MacGiany,smacgianyjj@tiny.cc,Non-binary,7.85.55.221
705,Binni,Alan,balanjk@rakuten.co.jp,Polygender,0.219.1.3
706,Gallard,Antonietti,gantoniettijl@abc.net.au,Male,48.56.159.138
707,Kerri,Dubose,kdubosejm@blinklist.com,Male,198.214.100.223
708,Conant,Palombi,cpalombijn@omniture.com,Bigender,227.203.24.182
709,Rabbi,Worpole,rworpolejo@livejournal.com,Male,59.150.32.125
710,Constantine,Benner,cbennerjp@fda.gov,Male,219.28.114.23
711,Kerrill,Deporte,kdeportejq@nytimes.com,Female,140.214.16.180
712,Kimberley,Schneidau,kschneidaujr@admin.ch,Bigender,115.98.213.77
713,Billi,de Guise,bdeguisejs@jimdo.com,Agender,233.206.179.40
714,Evita,Lott,elottjt@census.gov,Polygender,51.226.32.199
715,Alphonso,Whetson,awhetsonju@mac.com,Polygender,125.223.130.143
716,Lory,Seczyk,lseczykjv@wordpress.org,Male,187.220.147.207
717,Grata,Shenfish,gshenfishjw@comcast.net,Bigender,39.17.47.105
718,Rickert,Townsley,rtownsleyjx@cargocollective.com,Non-binary,105.84.235.38
719,Tanitansy,Nickoll,tnickolljy@globo.com,Genderfluid,224.130.151.69
720,Steffie,Lovell,slovelljz@ucla.edu,Genderqueer,197.35.124.12
721,Issi,Clelle,iclellek0@facebook.com,Genderfluid,192.116.157.153
722,Eb,Roxburgh,eroxburghk1@netscape.com,Agender,124.90.73.220
723,Brian,Chessell,bchessellk2@ted.com,Genderqueer,137.19.139.104
724,Bernita,Abells,babellsk3@exblog.jp,Bigender,166.168.74.232
725,Clarinda,Comley,ccomleyk4@engadget.com,Agender,19.200.206.75
726,Claudelle,Hartley,chartleyk5@tripod.com,Bigender,91.29.46.62
727,Tremaine,Manning,tmanningk6@boston.com,Non-binary,152.253.132.180
728,Colman,Kose,ckosek7@gizmodo.com,Non-binary,123.112.2.83
729,Verne,Scotchmore,vscotchmorek8@chicagotribune.com,Genderfluid,52.127.167.168
730,Paula,Simonato,psimonatok9@bloglines.com,Bigender,161.86.180.248
731,Thekla,Pantone,tpantoneka@gravatar.com,Agender,144.11.138.41
732,Chadd,Camplejohn,ccamplejohnkb@omniture.com,Female,82.252.81.76
733,Corabella,Jerdon,cjerdonkc@prlog.org,Bigender,6.135.146.89
734,Eberto,Hartzogs,ehartzogskd@craigslist.org,Genderfluid,139.74.84.150
735,Cristin,Cramond,ccramondke@icio.us,Polygender,232.126.78.130
736,Ezekiel,Murphey,emurpheykf@discovery.com,Non-binary,210.13.240.115
737,Jeanna,Ianinotti,jianinottikg@state.gov,Non-binary,146.191.87.100
738,Conan,Beddis,cbeddiskh@latimes.com,Non-binary,35.129.140.236
739,Reuben,Breche,rbrecheki@google.co.uk,Female,85.56.19.39
740,Tracie,Yankin,tyankinkj@posterous.com,Genderfluid,199.205.120.169
741,Kinny,Di Batista,kdibatistakk@zimbio.com,Genderqueer,2.90.136.92
742,Winnifred,Tedder,wtedderkl@pcworld.com,Genderqueer,156.11.86.100
743,Cynthea,Edmund,cedmundkm@themeforest.net,Genderfluid,218.88.192.197
744,Scotty,Steptow,ssteptowkn@vimeo.com,Polygender,124.89.207.22
745,Verge,Edinborough,vedinboroughko@washington.edu,Male,233.81.85.10
746,Brit,Heathorn,bheathornkp@ucoz.ru,Non-binary,145.176.224.197
747,Eba,Faley,efaleykq@elegantthemes.com,Genderfluid,110.88.147.103
748,Corrianne,Skpsey,cskpseykr@4shared.com,Polygender,39.86.167.195
749,Tonya,Mobberley,tmobberleyks@eventbrite.com,Polygender,127.148.239.121
750,Saw,MacParlan,smacparlankt@redcross.org,Genderqueer,248.125.110.177
751,Lyn,Carlos,lcarlosku@mashable.com,Genderqueer,144.27.62.225
752,Ketti,Chancelier,kchancelierkv@a8.net,Male,196.118.91.123
753,Jaquenette,Wheater,jwheaterkw@macromedia.com,Non-binary,34.114.36.219
754,Ruthy,Maren,rmarenkx@istockphoto.com,Genderfluid,76.78.128.105
755,Sherilyn,Vasichev,svasichevky@over-blog.com,Genderfluid,196.137.196.159
756,Truman,Reuben,treubenkz@alexa.com,Female,9.227.73.125
757,Millisent,Griffitts,mgriffittsl0@nyu.edu,Male,6.172.150.198
758,Titos,Jarvie,tjarviel1@imgur.com,Non-binary,141.80.59.50
759,Annie,Hollows,ahollowsl2@nbcnews.com,Male,23.127.128.239
760,Bevin,Becket,bbecketl3@fotki.com,Agender,134.156.166.197
761,Thatch,Goneau,tgoneaul4@e-recht24.de,Genderfluid,36.246.209.236
762,Orson,Sommerville,osommervillel5@umn.edu,Genderfluid,23.251.86.59
763,Valentina,Skiggs,vskiggsl6@storify.com,Genderfluid,56.130.44.175
764,Stephenie,Saltsberger,ssaltsbergerl7@nifty.com,Male,132.75.232.48
765,Conan,Warbeys,cwarbeysl8@issuu.com,Non-binary,151.22.53.162
766,Anita,Bennet,abennetl9@constantcontact.com,Male,127.59.44.112
767,Briggs,Gilkison,bgilkisonla@amazon.de,Female,101.77.168.201
768,Cross,Kinnen,ckinnenlb@csmonitor.com,Non-binary,174.22.227.69
769,Wilek,Relf,wrelflc@tamu.edu,Polygender,110.189.127.65
770,Devin,Drackford,ddrackfordld@craigslist.org,Polygender,147.59.70.250
771,Tarah,Lottrington,tlottringtonle@redcross.org,Genderfluid,67.137.175.253
772,Renie,Kleinhaut,rkleinhautlf@ow.ly,Polygender,214.181.123.18
773,Catlee,Delnevo,cdelnevolg@exblog.jp,Non-binary,194.176.249.251
774,Rosmunda,Spoors,rspoorslh@cbsnews.com,Genderfluid,240.36.147.113
775,Petronilla,Calcutt,pcalcuttli@shareasale.com,Bigender,43.37.204.191
776,Elbertina,Pooke,epookelj@china.com.cn,Polygender,16.77.224.22
777,Marinna,Worland,mworlandlk@hexun.com,Agender,239.61.171.108
778,Loralee,Markovich,lmarkovichll@quantcast.com,Genderfluid,46.231.147.238
779,Johnathan,Tankus,jtankuslm@cyberchimps.com,Female,20.84.137.155
780,Terri,Bettenay,tbettenayln@lulu.com,Agender,44.5.138.200
781,Agatha,Cardenoza,acardenozalo@nsw.gov.au,Polygender,125.139.192.19
782,Fayette,Prys,fpryslp@hc360.com,Polygender,2.212.224.174
783,Babbie,O'Neal,boneallq@imageshack.us,Polygender,35.22.119.232
784,Pamella,Doerr,pdoerrlr@goodreads.com,Agender,242.50.252.216
785,Lusa,Gullberg,lgullbergls@youtu.be,Genderqueer,50.54.251.19
786,Kayla,Bussens,kbussenslt@microsoft.com,Bigender,0.76.59.51
787,Clevey,Gillford,cgillfordlu@bloglovin.com,Polygender,159.92.68.202
788,Costa,Jepp,cjepplv@dyndns.org,Genderqueer,102.103.179.120
789,Jacintha,Trewett,jtrewettlw@senate.gov,Female,245.73.24.47
790,Elisa,Hollyland,ehollylandlx@comsenz.com,Genderqueer,208.82.3.112
791,Bevan,Worsom,bworsomly@myspace.com,Genderqueer,239.229.70.55
792,Homerus,Coda,hcodalz@whitehouse.gov,Agender,19.249.211.52
793,Jodi,Droghan,jdroghanm0@cbsnews.com,Bigender,149.41.20.16
794,Tanya,Nicely,tnicelym1@sakura.ne.jp,Female,180.112.50.135
795,Nanny,Rudloff,nrudloffm2@ustream.tv,Female,85.171.72.239
796,Binny,Nern,bnernm3@sfgate.com,Genderfluid,48.157.2.135
797,Ellsworth,Mc Elory,emcelorym4@51.la,Agender,156.242.228.143
798,Eward,Quinn,equinnm5@about.com,Genderqueer,57.144.253.69
799,Stacy,Blackshaw,sblackshawm6@meetup.com,Non-binary,252.191.26.214
800,Raf,Howcroft,rhowcroftm7@dyndns.org,Female,192.137.160.101
801,Kitti,Lovewell,klovewellm8@dailymotion.com,Genderqueer,179.13.20.126
802,Esmaria,Mussettini,emussettinim9@columbia.edu,Female,203.81.177.195
803,Rene,Jantet,rjantetma@jiathis.com,Male,108.227.56.195
804,Curr,Larne,clarnemb@globo.com,Male,153.217.226.235
805,Marco,Voelker,mvoelkermc@ameblo.jp,Bigender,74.120.73.95
806,Witty,Peteri,wpeterimd@angelfire.com,Female,237.180.157.14
807,Ileane,Kasperski,ikasperskime@w3.org,Genderqueer,225.149.20.43
808,Marybelle,Harrap,mharrapmf@i2i.jp,Male,210.230.34.147
809,Deidre,Downie,ddowniemg@pagesperso-orange.fr,Bigender,206.54.80.185
810,Dasie,Shelton,dsheltonmh@freewebs.com,Polygender,98.65.203.155
811,Moritz,Delete,mdeletemi@vistaprint.com,Non-binary,15.151.241.254
812,Michel,Jeandot,mjeandotmj@army.mil,Genderqueer,154.21.29.140
813,Lek,Storry,lstorrymk@bloomberg.com,Male,45.64.230.123
814,Nels,Gauvain,ngauvainml@stumbleupon.com,Genderqueer,212.193.68.236
815,Dal,Zorzini,dzorzinimm@diigo.com,Genderfluid,113.104.187.148
816,Elena,Glenister,eglenistermn@virginia.edu,Genderqueer,52.50.36.139
817,Sayers,Rosekilly,srosekillymo@soundcloud.com,Male,26.5.176.62
818,Rodolphe,Muzzullo,rmuzzullomp@google.co.uk,Genderqueer,91.209.218.254
819,Aubert,Uphill,auphillmq@storify.com,Agender,175.41.142.14
820,Othilie,Cleft,ocleftmr@exblog.jp,Genderqueer,210.231.224.43
821,Mirabella,Dorot,mdorotms@artisteer.com,Bigender,227.233.52.7
822,Brandtr,Birks,bbirksmt@slashdot.org,Polygender,3.178.0.169
823,Gnni,Rochewell,grochewellmu@jigsy.com,Agender,91.255.176.246
824,Codie,Le feuvre,clefeuvremv@taobao.com,Non-binary,75.154.215.198
825,Bale,Garrould,bgarrouldmw@cocolog-nifty.com,Non-binary,248.40.230.159
826,Margarete,Gude,mgudemx@mozilla.com,Agender,16.90.194.66
827,Maury,Duffit,mduffitmy@boston.com,Female,55.58.89.47
828,Tatiania,Paylie,tpayliemz@mail.ru,Bigender,173.186.184.114
829,Gibbie,Lattos,glattosn0@nsw.gov.au,Female,52.26.90.161
830,Sidney,Dello,sdellon1@smh.com.au,Male,231.15.71.11
831,Bevin,Sweedy,bsweedyn2@artisteer.com,Male,232.196.206.171
832,Carney,MacRory,cmacroryn3@i2i.jp,Bigender,130.195.144.249
833,Phil,Clunan,pclunann4@spotify.com,Polygender,90.31.228.135
834,Henrieta,Heijne,hheijnen5@acquirethisname.com,Male,54.210.227.238
835,Pauly,Waylen,pwaylenn6@ucsd.edu,Genderqueer,7.200.64.52
836,Merrili,Scneider,mscneidern7@google.it,Genderfluid,121.112.55.128
837,Madison,Marishenko,mmarishenkon8@123-reg.co.uk,Bigender,44.50.151.222
838,Tommi,Sellack,tsellackn9@trellian.com,Male,149.68.248.229
839,Karry,Noye,knoyena@chicagotribune.com,Genderfluid,33.125.144.160
840,Zsa zsa,Kerrod,zkerrodnb@tripadvisor.com,Female,116.132.178.52
841,Breena,Leavry,bleavrync@illinois.edu,Genderfluid,252.253.45.158
842,Allegra,Whorlton,awhorltonnd@dot.gov,Genderqueer,150.90.17.222
843,Ashla,Hammersley,ahammersleyne@studiopress.com,Agender,2.183.139.18
844,Cori,Stalf,cstalfnf@elegantthemes.com,Bigender,71.8.237.35
845,Giacobo,Canti,gcanting@barnesandnoble.com,Genderqueer,112.225.203.225
846,Zorana,Dugdale,zdugdalenh@chron.com,Genderqueer,250.2.187.234
847,Huntington,Bernier,hbernierni@unblog.fr,Genderqueer,44.84.18.248
848,Emlyn,Northley,enorthleynj@washington.edu,Polygender,203.38.121.162
849,Hilde,Dinley,hdinleynk@google.com.br,Bigender,30.17.14.145
850,Reiko,Coull,rcoullnl@yahoo.co.jp,Male,82.140.19.8
851,Valera,Gander,vgandernm@miitbeian.gov.cn,Female,63.152.164.52
852,Drusy,Eggers,deggersnn@reddit.com,Genderfluid,25.105.30.59
853,Rodolfo,Blackborough,rblackboroughno@mozilla.org,Agender,186.118.118.20
854,Aura,Evreux,aevreuxnp@webs.com,Agender,123.134.20.175
855,Rory,Adhams,radhamsnq@parallels.com,Bigender,126.28.27.19
856,Abbie,Sowerby,asowerbynr@google.es,Male,218.249.103.149
857,Roddie,Beeson,rbeesonns@theglobeandmail.com,Non-binary,128.36.215.86
858,Gunilla,Mainland,gmainlandnt@google.cn,Female,32.124.4.188
859,Heall,Pridie,hpridienu@xrea.com,Agender,110.252.194.119
860,Robbert,Franciottoi,rfranciottoinv@ed.gov,Male,72.200.119.147
861,Laura,Mazillius,lmazilliusnw@desdev.cn,Male,197.129.179.18
862,Katusha,Clifft,kclifftnx@addtoany.com,Polygender,45.250.250.88
863,Bram,Simonazzi,bsimonazziny@cisco.com,Polygender,209.22.224.241
864,Ainslee,O'Kuddyhy,aokuddyhynz@4shared.com,Bigender,63.227.5.175
865,Jandy,Lockhurst,jlockhursto0@facebook.com,Genderqueer,232.197.210.1
866,Mikey,Bletso,mbletsoo1@webnode.com,Polygender,184.212.130.153
867,Bryce,Johantges,bjohantgeso2@weather.com,Female,135.196.129.59
868,Shae,Guenther,sguenthero3@google.co.uk,Male,200.144.30.195
869,Reggie,Chattell,rchattello4@mysql.com,Genderfluid,6.200.59.53
870,Faunie,Timmens,ftimmenso5@cdc.gov,Agender,138.11.31.144
871,Claiborn,Tovey,ctoveyo6@de.vu,Polygender,77.15.19.198
872,Marie-jeanne,Fache,mfacheo7@sfgate.com,Male,229.161.5.7
873,Clea,Floyde,cfloydeo8@reference.com,Bigender,70.24.99.179
874,Vernice,Maplesden,vmaplesdeno9@tiny.cc,Genderfluid,42.49.118.155
875,Noellyn,Artinstall,nartinstalloa@google.it,Bigender,108.206.3.66
876,Kellby,Worrall,kworrallob@theguardian.com,Bigender,216.237.66.108
877,Alf,Blenkinsopp,ablenkinsoppoc@addtoany.com,Genderqueer,133.75.162.151
878,Dinnie,Rudham,drudhamod@wikia.com,Bigender,86.66.39.75
879,Freddie,Josephoff,fjosephoffoe@slideshare.net,Genderfluid,29.143.232.66
880,Valerie,Chauvey,vchauveyof@marriott.com,Genderqueer,205.214.174.137
881,Shawna,Skehens,sskehensog@prnewswire.com,Male,174.249.45.87
882,Felike,Mallion,fmallionoh@amazonaws.com,Female,137.254.254.185
883,Darren,Fearnyhough,dfearnyhoughoi@state.gov,Polygender,128.114.10.195
884,Carl,Tesyro,ctesyrooj@dot.gov,Agender,97.43.249.120
885,Tiffi,Aprahamian,taprahamianok@pbs.org,Female,249.50.157.175
886,Ludovico,Impy,limpyol@omniture.com,Bigender,204.17.164.164
887,Brandi,Lammenga,blammengaom@jiathis.com,Non-binary,5.131.196.1
888,Gregoire,Duncan,gduncanon@ycombinator.com,Male,16.138.49.230
889,Stafford,Slessor,sslessoroo@whitehouse.gov,Male,80.100.2.35
890,Milo,Swayne,mswayneop@fema.gov,Male,132.78.42.114
891,Emmalynne,Blackly,eblacklyoq@360.cn,Male,8.156.177.151
892,Casey,Dowbekin,cdowbekinor@walmart.com,Polygender,6.153.81.129
893,Vanessa,Terlinden,vterlindenos@usda.gov,Polygender,199.127.47.76
894,Morna,Nuss,mnussot@icq.com,Genderqueer,54.20.168.21
895,Melania,Lovatt,mlovattou@hao123.com,Polygender,0.159.8.208
896,Victor,Cuffe,vcuffeov@forbes.com,Female,37.109.148.61
897,Maynard,Blonfield,mblonfieldow@google.pl,Female,181.146.254.6
898,Lila,Howell,lhowellox@cbc.ca,Genderqueer,172.37.188.156
899,Hillel,Nelsey,hnelseyoy@sciencedirect.com,Bigender,137.143.36.67
900,Ruperto,Van der Beek,rvanderbeekoz@spotify.com,Female,215.39.37.189
901,Orly,Ionn,oionnp0@columbia.edu,Agender,81.239.213.67
902,Maxy,Inkpen,minkpenp1@forbes.com,Bigender,115.17.71.179
903,Cosme,Sharnock,csharnockp2@google.ca,Bigender,97.161.180.11
904,Jazmin,Coleman,jcolemanp3@eventbrite.com,Agender,193.58.24.47
905,Elvira,Cavell,ecavellp4@foxnews.com,Bigender,124.226.91.59
906,Desiri,Szymaniak,dszymaniakp5@si.edu,Agender,229.15.90.98
907,Reynolds,Batchelar,rbatchelarp6@yolasite.com,Agender,160.211.133.71
908,Michaelina,Brabant,mbrabantp7@nps.gov,Bigender,73.148.82.131
909,Richy,Blayd,rblaydp8@creativecommons.org,Genderfluid,218.105.206.133
910,Melodie,Shemilt,mshemiltp9@utexas.edu,Female,158.21.118.60
911,Delora,Fullilove,dfullilovepa@google.com.hk,Non-binary,198.179.31.3
912,Donny,Van,dvanpb@mashable.com,Agender,161.132.134.42
913,Quinlan,Cozens,qcozenspc@bravesites.com,Polygender,103.179.43.63
914,Kip,Makeswell,kmakeswellpd@squidoo.com,Female,213.250.219.34
915,Willem,Sebastian,wsebastianpe@taobao.com,Male,160.50.77.179
916,Adolf,Keyzor,akeyzorpf@sourceforge.net,Non-binary,100.225.162.55
917,Renate,Franklin,rfranklinpg@yelp.com,Genderfluid,9.115.40.81
918,Pegeen,Brownjohn,pbrownjohnph@mozilla.com,Genderqueer,119.182.142.0
919,Bernadette,Klasen,bklasenpi@newyorker.com,Genderfluid,71.236.19.33
920,Felix,Lukacs,flukacspj@miibeian.gov.cn,Polygender,125.194.119.167
921,Maridel,Cluatt,mcluattpk@privacy.gov.au,Non-binary,220.41.222.74
922,Odelinda,Huriche,ohurichepl@senate.gov,Agender,21.13.78.91
923,Padriac,Pattie,ppattiepm@wikimedia.org,Polygender,123.51.55.16
924,Shayne,Beach,sbeachpn@hugedomains.com,Female,180.240.234.73
925,Fredia,Bartolomeo,fbartolomeopo@patch.com,Polygender,138.81.203.88
926,Marius,Itzkovsky,mitzkovskypp@rambler.ru,Non-binary,91.171.166.3
927,Alfonse,Caville,acavillepq@sourceforge.net,Genderfluid,157.170.129.102
928,Denyse,McGenis,dmcgenispr@joomla.org,Polygender,82.242.47.63
929,Antonino,Knox,aknoxps@cdbaby.com,Genderfluid,250.66.167.132
930,Jessalyn,Riseam,jriseampt@instagram.com,Female,62.247.127.102
931,Chase,Pagnin,cpagninpu@a8.net,Genderfluid,198.119.228.98
932,Lazare,Golsthorp,lgolsthorppv@house.gov,Non-binary,46.199.149.135
933,Jard,Boaler,jboalerpw@canalblog.com,Non-binary,62.200.10.33
934,Revkah,Biggerstaff,rbiggerstaffpx@ezinearticles.com,Genderfluid,193.108.230.201
935,Clovis,Bernholt,cbernholtpy@geocities.jp,Non-binary,149.55.68.45
936,Matthew,Lumly,mlumlypz@gov.uk,Polygender,176.12.161.168
937,Bryce,Goldingay,bgoldingayq0@census.gov,Female,243.144.202.253
938,Clotilda,Vasilov,cvasilovq1@merriam-webster.com,Male,81.194.50.174
939,Joycelin,Loreit,jloreitq2@purevolume.com,Male,177.1.202.162
940,Isadore,Becaris,ibecarisq3@baidu.com,Female,88.102.113.137
941,Lavinia,Feeny,lfeenyq4@macromedia.com,Polygender,218.128.144.64
942,Travus,Bythell,tbythellq5@fastcompany.com,Female,19.14.126.109
943,Brenn,Offield,boffieldq6@un.org,Agender,55.88.109.58
944,Brooks,Brabbs,bbrabbsq7@histats.com,Non-binary,132.139.197.159
945,Rickert,Wellings,rwellingsq8@ask.com,Male,66.25.78.100
946,Hewett,Hestrop,hhestropq9@umich.edu,Genderfluid,149.26.145.45
947,Bette-ann,Fullylove,bfullyloveqa@last.fm,Non-binary,52.175.35.169
948,Grazia,Liggett,gliggettqb@businesswire.com,Non-binary,17.9.210.224
949,Bee,Orange,borangeqc@aol.com,Genderfluid,4.28.239.182
950,Megen,Sturmey,msturmeyqd@apple.com,Agender,182.73.94.22
951,Amitie,Attrill,aattrillqe@dell.com,Agender,234.69.79.127
952,Nollie,Hobble,nhobbleqf@is.gd,Agender,213.50.240.167
953,Nefen,Micka,nmickaqg@dmoz.org,Non-binary,97.236.133.114
954,Tracy,Harvie,tharvieqh@ehow.com,Bigender,23.26.46.93
955,Cheri,Huntar,chuntarqi@wp.com,Genderqueer,7.72.103.71
956,Constance,Strass,cstrassqj@networksolutions.com,Female,69.50.194.154
957,Lucila,Pitrollo,lpitrolloqk@elpais.com,Male,181.73.141.163
958,Henka,Sprowson,hsprowsonql@canalblog.com,Agender,158.45.58.235
959,Wally,Ruperto,wrupertoqm@google.co.jp,Non-binary,217.6.71.17
960,Wynne,Cecchetelli,wcecchetelliqn@reuters.com,Polygender,171.197.195.184
961,Margi,Fern,mfernqo@i2i.jp,Male,224.133.35.169
962,Vicki,Pottiphar,vpottipharqp@facebook.com,Bigender,115.167.152.226
963,Theobald,Debill,tdebillqq@sina.com.cn,Bigender,98.202.170.106
964,Emanuele,Piell,epiellqr@networkadvertising.org,Bigender,41.221.72.188
965,Octavia,Skates,oskatesqs@princeton.edu,Polygender,88.175.215.254
966,Daphne,Larman,dlarmanqt@oracle.com,Genderqueer,186.226.38.173
967,Doyle,Dietz,ddietzqu@prnewswire.com,Male,145.62.181.161
968,Kelsy,Barzen,kbarzenqv@intel.com,Agender,27.174.158.226
969,Henri,Stennett,hstennettqw@yahoo.com,Bigender,140.52.95.67
970,Christophe,Coldbath,ccoldbathqx@clickbank.net,Non-binary,4.100.199.67
971,Cornall,Christofol,cchristofolqy@typepad.com,Bigender,84.233.174.16
972,Kaitlin,Ensten,kenstenqz@issuu.com,Male,254.210.184.104
973,Jean,Fritzer,jfritzerr0@cocolog-nifty.com,Agender,193.144.206.94
974,Stevy,Grumbridge,sgrumbridger1@cnet.com,Genderqueer,104.117.65.73
975,Valina,Gosnay,vgosnayr2@cdc.gov,Genderfluid,87.78.173.101
976,Onfroi,Fysh,ofyshr3@wufoo.com,Genderfluid,73.52.153.17
977,Rickert,Knowles,rknowlesr4@i2i.jp,Genderfluid,145.25.122.226
978,Nichole,Rennock,nrennockr5@nba.com,Agender,182.73.50.172
979,Milicent,Jeayes,mjeayesr6@indiatimes.com,Non-binary,67.231.169.253
980,Juanita,Naldrett,jnaldrettr7@whitehouse.gov,Bigender,209.46.225.233
981,Dorice,Jakeman,djakemanr8@auda.org.au,Genderqueer,81.119.255.103
982,Raddy,Jakoviljevic,rjakoviljevicr9@blogs.com,Genderqueer,31.129.62.4
983,Cece,Bromidge,cbromidgera@engadget.com,Male,49.3.238.131
984,Raddy,Enders,rendersrb@gmpg.org,Genderfluid,45.142.242.60
985,Clement,Chiommienti,cchiommientirc@ihg.com,Agender,95.107.7.79
986,Kurtis,Kettel,kkettelrd@list-manage.com,Agender,217.60.23.117
987,Martie,Najara,mnajarare@smh.com.au,Male,179.7.8.4
988,Olva,Hanse,ohanserf@slashdot.org,Bigender,89.86.18.98
989,Bryana,Cussen,bcussenrg@deliciousdays.com,Male,67.68.221.146
990,Emera,Akehurst,eakehurstrh@trellian.com,Bigender,8.48.47.170
991,Eartha,Rawlingson,erawlingsonri@oakley.com,Genderqueer,5.245.217.192
992,Fern,Louden,floudenrj@statcounter.com,Genderqueer,147.196.208.193
993,Nessie,Cranson,ncransonrk@reuters.com,Genderfluid,79.81.165.57
994,Lyndy,Troillet,ltroilletrl@spiegel.de,Female,19.78.179.240
995,Meg,Hurll,mhurllrm@bravesites.com,Bigender,213.88.25.110
996,Etti,Belleny,ebellenyrn@icio.us,Non-binary,178.253.250.220
997,Lorry,Carpmile,lcarpmilero@squarespace.com,Genderqueer,73.26.109.107
998,Berry,Exeter,bexeterrp@arstechnica.com,Polygender,187.196.178.73
999,Sabine,Clench,sclenchrq@statcounter.com,Genderfluid,51.192.168.75
1000,Dacia,MacKay,dmackayrr@people.com.cn,Genderfluid,238.157.149.96
